keys,zh_TW
game.subtitle,北美灰狼養成遊戲
menu.new_game,新的一生
menu.continue,繼續遊戲
menu.quit,離開遊戲
menu.main_menu,回到主選單
den.select_title,選擇你的第一個巢穴
den.forest_east.desc,靠近山地 地形起伏 交通方便
den.forest_north.desc,靠近苔原 冬季鹿群聚集 較寒冷
den.forest_south.desc,林緣開闊 野兔狐狸多
den.forest_west.desc,最深的老林 食物豐富但灰熊出沒
region.forest_east,森林東部
region.forest_north,森林北部
region.forest_south,森林南部
region.forest_west,森林西部
season.spring,春
season.summer,夏
season.autumn,秋
season.winter,冬
period.dawn,清晨
period.day,白天
period.dusk,黃昏
period.night,深夜
period.predawn,凌晨
stage.subadult,次成年期
stage.adult,成年期
stage.elder,老年期
stat.health,血量
stat.stamina,體力
stat.hunger,飽食度
stat.health_value,健康值
stat.speed,速度
stat.strength,力量
stat.skill,技巧
stat.perception,感知
ui.region_map,區域地圖
ui.actions,行動
ui.debug,除錯選單
ui.save_and_exit,存檔並離開
ui.cancel,取消
ui.rest_until.title,要休息到什麼時候？
ui.rest_until.option,休息到{period}
ui.here,目前位置
ui.hunt,狩獵
ui.ignore,不理會
ui.fight,戰鬥
ui.retreat,撤退
ui.give_up,放棄
action.gather,採集
action.find_sleep_spot,找尋睡覺的地方
action.short_rest,短暫休息
action.explore,探索
action.rest_until,休息到…
action.sleep,睡覺
animal.white_tailed_deer,白尾鹿
animal.hare,野兔
animal.red_fox,狐狸
animal.grizzly_bear,灰熊
item.berries,漿果
item.blueberries,藍莓
item.mushroom,蘑菇
item.beehive,蜂巢
log.starving,飢餓正在侵蝕你的身體
log.hungry,長期吃不飽 身體漸漸變差
log.season_changed,季節變換了
log.moved,你移動到了{region}
log.poisoned,你中毒了
log.stung,你被螫傷了
log.find_tracks.success,發現了蹤跡
log.gather.success,採集到了{item}
log.gather.fail,這裡沒有可採集的東西
log.sleep_spot.success,找到了適合睡覺的地方
log.sleep_spot.fail,沒有找到適合睡覺的地方
log.short_rest,你稍作休息 恢復了一些體力
log.rest_until,你休息到了{period}
log.slept,你睡了一覺
log.debug.age,（除錯）年齡調整為 {age} 歲
debug.age_years,年齡（歲）
debug.set,設定
debug.close,關閉
debug.section.stats,素質
debug.section.time,時間與年齡
debug.section.encounter,強制觸發遭遇
debug.skip_day,跳一天
debug.skip_season,跳到下一季
debug.toggle_time_mode,切換時間倍率（正常／測試）
debug.add_year,年齡 +1 歲
debug.jump_stage,跳到{stage}
debug.trigger,觸發
debug.life_stage.adult,成體
debug.life_stage.juvenile,幼體
hunt.stage.discover,發現階段：你注意到一隻{animal}
hunt.stage.stalk,潛近階段：小心接近{animal}
hunt.stage.chase,追擊階段：{animal}察覺到你了
hunt.stage.fight,搏鬥階段：你撲向了{animal}
hunt.action.observe,觀察並選定目標
hunt.action.low_approach,伏低前進（省體力 命中普通）
hunt.action.downwind,繞到下風處（較耗體力 可能多花回合）
hunt.action.wait,等待時機（中等體力 命中中等）
hunt.action.sprint,衝刺（最耗體力 這回合命中最高）
hunt.action.flank,繞到側面（中等體力 小幅提升搏鬥勝算）
hunt.action.drive,驅趕到不利地形（省體力 這回合較難成功 但大幅提升搏鬥勝算）
hunt.action.bite_throat,咬喉（靠技巧 反擊風險最高）
hunt.action.pin,壓制（靠力量）
hunt.action.bite_leg,撲咬後腿（平衡安全 反擊風險最低）
hunt.discover.success,你成功掌握了獵物的位置
hunt.discover.fail,獵物先一步警覺離開了
hunt.stalk.success,你悄悄縮短了距離
hunt.stalk.fail,獵物發現了你 逃走了
hunt.chase.success,你追上了獵物
hunt.chase.fail,獵物甩開了你
hunt.fight.success,你成功制伏了獵物
hunt.fight.fail,獵物掙脫逃走了
hunt.fight.counter,獵物反擊 你受了傷
hunt.result.success,狩獵成功
hunt.result.fail,這次狩獵失敗了
factor.wind.headwind,逆風
factor.wind.crosswind,側風
factor.wind.tailwind,順風
factor.prey_alert,牠很警覺
factor.prey_unaware,牠沒注意到你
factor.night,深夜
factor.faster,你比牠快
factor.slower,牠比你快
factor.tired,體力不足
factor.stronger,力量佔優
factor.weaker,牠很難纏
factor.chase_bonus,已佔好位置
factor.hungry,飢餓虛弱
factor.overfed,吃太撐
factor.injured,重傷未癒
factor.extra_turns,多花 {n} 回合
reason.wind_turned,風向轉了 {animal}聞到了你
reason.wind_tailwind,你在上風處 {animal}聞到了你
reason.prey_alert,{animal}太警覺了
reason.slower,{animal}跑得比你快
reason.tired,你體力不支
reason.weaker,{animal}掙扎得太厲害
reason.hungry,飢餓讓你使不上力
reason.overfed,吃得太撐 跑不動
reason.injured,傷勢拖累了你
log.wind_shifted,風向轉了 現在是{wind}
log.track.success,你循著線索找到了{animal}
log.track.fail,你跟丟了線索
log.region_first_visit,第一次來到{region}：{main}
reason.stale,線索太舊了 {animal}早就離開了
reason.faint_trail,線索太模糊 你分辨不出方向
factor.sharp_nose,感知敏銳
factor.faint_trail,線索模糊
factor.fresh_unknown,不確定新不新鮮
ui.track,追蹤
ui.keep_exploring,繼續探索
ui.leave,離開
ui.gather_here,採集
ui.region_info,區域資訊
ui.region_info.features,特徵
ui.unknown,？
explore.location.stream,溪流旁
explore.location.dense_forest,密林裡
explore.location.forest_edge,林緣
explore.location.clearing,空地上
explore.location.fallen_logs,倒木區
explore.clue.scent,{location} 你聞到{fresh}{animal}的氣味
explore.clue.track,{location} 你發現{fresh}{animal}足跡
explore.clue.sound,{location} 你聽見{animal}的動靜
explore.clue.sign,{location} 你發現{fresh}{sign} 是{animal}留下的
explore.clue.sight,{location} 你看見一隻{animal}
explore.gather,{location} 你發現了{item}
explore.nothing,{location} 什麼也沒發現 這裡最近沒有{animal}來過
explore.feature,{location} 你發現了{feature}
explore.fresh,新鮮的
explore.stale,陳舊的
explore.fresh_unknown,（{wind} 聞不出新不新鮮）
explore.juvenile,小
explore.sign.browse,啃食痕跡
explore.sign.droppings,糞便
explore.sign.scratch,抓痕
feature.good_sleep_spot,一處好睡處
feature.game_trail,獵物常走的小徑
feature.fox_den,狐狸洞穴
feature.hidden_pool,隱蔽的水潭
region_main.stream_valley,一條溪流從山區流進林緣
region_main.deep_forest,樹林茂密 溪水從林間穿過
region_main.forest_edge_meadow,樹林在這裡漸漸稀疏 外面是開闊的空地
region_main.fallen_log_slope,最深的老林 坡上到處是倒木
encounter.competitor,你遇到了一隻{animal}
encounter.result.win,你擊退了對方
encounter.result.lose,你受傷了
encounter.result.retreat,你選擇了撤退
summary.title,一生回顧
summary.days_lived,存活了 {days} 天
summary.age,死亡時年齡 {age} 歲
summary.death_cause,死因：{cause}
summary.regions_visited,曾經去過 {count} 個區域
summary.prey_total,總共成功狩獵 {count} 次
summary.biggest_prey,最大的獵物是 {animal}
summary.new_life,展開新的一生
death.starvation,餓死
death.injury,傷重不治
death.old_age,老死
death.unknown,未知
